{"cameraMode":{"drawMode":0,"name":"Shaded","section":"Shading Mode"},"sceneLighting":true,"audioPlay":false,"sceneViewState":{"m_AlwaysRefresh":false,"showFog":true,"showSkybox":true,"showFlares":true,"showImageEffects":true,"showParticleSystems":true,"showVisualEffectGraphs":true,"m_FxEnabled":false},"in2DMode":false,"pivot":{"x":2.2702956199645998,"y":-0.8801885843276978,"z":0.06017716974020004},"rotation":{"x":0.01687643490731716,"y":-0.9778882265090942,"z":0.1894843578338623,"w":0.08707542717456818},"size":2.721679449081421,"orthographic":false}