{"cameraMode":{"drawMode":0,"name":"Shaded","section":"Shading Mode"},"sceneLighting":true,"audioPlay":false,"sceneViewState":{"m_AlwaysRefresh":false,"showFog":true,"showSkybox":true,"showFlares":true,"showImageEffects":true,"showParticleSystems":true,"showVisualEffectGraphs":true,"m_FxEnabled":false},"in2DMode":false,"pivot":{"x":2.2702956199645998,"y":-0.8801885843276978,"z":0.06017716974020004},"rotation":{"x":-0.03465753793716431,"y":0.6368247866630554,"z":0.028683634474873544,"w":0.769711434841156},"size":3.0691404342651369,"orthographic":false}