{"cameraMode":{"drawMode":0,"name":"Shaded","section":"Shading Mode"},"sceneLighting":true,"audioPlay":false,"sceneViewState":{"m_AlwaysRefresh":false,"showFog":true,"showSkybox":true,"showFlares":true,"showImageEffects":true,"showParticleSystems":true,"showVisualEffectGraphs":true,"m_FxEnabled":false},"in2DMode":false,"pivot":{"x":0.20002903044223786,"y":-0.09801606088876724,"z":3.1770546436309816},"rotation":{"x":-0.14545577764511109,"y":-0.8542709350585938,"z":-0.36501649022102358,"w":0.3404262661933899},"size":3.970731735229492,"orthographic":false}