{"cameraMode":{"drawMode":0,"name":"Shaded","section":"Shading Mode"},"sceneLighting":true,"audioPlay":false,"sceneViewState":{"m_AlwaysRefresh":false,"showFog":true,"showSkybox":true,"showFlares":true,"showImageEffects":true,"showParticleSystems":true,"showVisualEffectGraphs":true,"m_FxEnabled":false},"in2DMode":false,"pivot":{"x":-1.1105823516845704,"y":-0.03999997675418854,"z":0.6182279586791992},"rotation":{"x":-0.11202877759933472,"y":0.6572609543800354,"z":-0.0998016819357872,"w":-0.7386375665664673},"size":1.9220472574234009,"orthographic":false}