{"cameraMode":{"drawMode":0,"name":"Shaded","section":"Shading Mode"},"sceneLighting":true,"audioPlay":false,"sceneViewState":{"m_AlwaysRefresh":false,"showFog":true,"showSkybox":true,"showFlares":true,"showImageEffects":true,"showParticleSystems":true,"showVisualEffectGraphs":true,"m_FxEnabled":false},"in2DMode":false,"pivot":{"x":31.701860427856447,"y":0.28000015020370486,"z":21.992341995239259},"rotation":{"x":-0.5248705148696899,"y":-0.014362428337335587,"z":0.008749539963901043,"w":-0.8511117696762085},"size":1.2400363683700562,"orthographic":false}